{
    "results": {
        "tool": {
            "name": "pytest",
            "version": "8.4.1"
        },
        "summary": {
            "tests": 1,
            "passed": 1,
            "failed": 0,
            "skipped": 0,
            "pending": 0,
            "other": 0,
            "start": 1777134355.813758,
            "stop": 1777134355.9430988
        },
        "tests": [
            {
                "name": "test_outputs.py::test_tests_output",
                "status": "passed",
                "duration": 0.0008335969996551285,
                "start": 1777134355.9415836,
                "stop": 1777134355.9427955,
                "retries": 0,
                "file_path": "test_outputs.py"
            }
        ]
    }
}