{
    "results": {
        "tool": {
            "name": "pytest",
            "version": "8.4.1"
        },
        "summary": {
            "tests": 1,
            "passed": 1,
            "failed": 0,
            "skipped": 0,
            "pending": 0,
            "other": 0,
            "start": 1777136483.8573282,
            "stop": 1777136483.9576073
        },
        "tests": [
            {
                "name": "test_outputs.py::test_json_data",
                "status": "passed",
                "duration": 0.0010749390021373983,
                "start": 1777136483.9556963,
                "stop": 1777136483.957134,
                "retries": 0,
                "file_path": "test_outputs.py"
            }
        ]
    }
}