{
    "results": {
        "tool": {
            "name": "pytest",
            "version": "8.4.1"
        },
        "summary": {
            "tests": 1,
            "passed": 1,
            "failed": 0,
            "skipped": 0,
            "pending": 0,
            "other": 0,
            "start": 1777134047.7488065,
            "stop": 1777134047.8979142
        },
        "tests": [
            {
                "name": "test_outputs.py::test_primers",
                "status": "passed",
                "duration": 0.006066747997465427,
                "start": 1777134047.891076,
                "stop": 1777134047.8976233,
                "retries": 0,
                "file_path": "test_outputs.py"
            }
        ]
    }
}