{
    "results": {
        "tool": {
            "name": "pytest",
            "version": "8.4.1"
        },
        "summary": {
            "tests": 2,
            "passed": 2,
            "failed": 0,
            "skipped": 0,
            "pending": 0,
            "other": 0,
            "start": 1777133133.2995806,
            "stop": 1777133133.46207
        },
        "tests": [
            {
                "name": "test_outputs.py::test_about_file",
                "status": "passed",
                "duration": 0.0011780910008383216,
                "start": 1777133133.4572275,
                "stop": 1777133133.4590225,
                "retries": 0,
                "file_path": "test_outputs.py"
            },
            {
                "name": "test_outputs.py::test_layout_file",
                "status": "passed",
                "duration": 0.0010909430020547006,
                "start": 1777133133.4600506,
                "stop": 1777133133.4615476,
                "retries": 0,
                "file_path": "test_outputs.py"
            }
        ]
    }
}