{
    "results": {
        "tool": {
            "name": "pytest",
            "version": "8.4.1"
        },
        "summary": {
            "tests": 2,
            "passed": 2,
            "failed": 0,
            "skipped": 0,
            "pending": 0,
            "other": 0,
            "start": 1777133464.918832,
            "stop": 1777133464.9706926
        },
        "tests": [
            {
                "name": "test_outputs.py::test_hello_file_exists",
                "status": "passed",
                "duration": 0.0011950939988309983,
                "start": 1777133464.9660206,
                "stop": 1777133464.9678717,
                "retries": 0,
                "file_path": "test_outputs.py"
            },
            {
                "name": "test_outputs.py::test_hello_file_content",
                "status": "passed",
                "duration": 0.0012383880002744263,
                "start": 1777133464.9682739,
                "stop": 1777133464.9698024,
                "retries": 0,
                "file_path": "test_outputs.py"
            }
        ]
    }
}