{
    "results": {
        "tool": {
            "name": "pytest",
            "version": "8.4.1"
        },
        "summary": {
            "tests": 1,
            "passed": 1,
            "failed": 0,
            "skipped": 0,
            "pending": 0,
            "other": 0,
            "start": 1777131476.5043676,
            "stop": 1777131476.651302
        },
        "tests": [
            {
                "name": "test_outputs.py::test_json_data",
                "status": "passed",
                "duration": 0.0025216419990101713,
                "start": 1777131476.647661,
                "stop": 1777131476.6509523,
                "retries": 0,
                "file_path": "test_outputs.py"
            }
        ]
    }
}