{
    "results": {
        "tool": {
            "name": "pytest",
            "version": "8.4.1"
        },
        "summary": {
            "tests": 2,
            "passed": 2,
            "failed": 0,
            "skipped": 0,
            "pending": 0,
            "other": 0,
            "start": 1777134847.5047226,
            "stop": 1777134847.5678723
        },
        "tests": [
            {
                "name": "test_outputs.py::test_solution_file",
                "status": "passed",
                "duration": 0.00047963799806893803,
                "start": 1777134847.566217,
                "stop": 1777134847.5669775,
                "retries": 0,
                "file_path": "test_outputs.py"
            },
            {
                "name": "test_outputs.py::test_solution_content",
                "status": "passed",
                "duration": 0.00039508200097770896,
                "start": 1777134847.5671594,
                "stop": 1777134847.5676978,
                "retries": 0,
                "file_path": "test_outputs.py"
            }
        ]
    }
}