{
    "results": {
        "tool": {
            "name": "pytest",
            "version": "8.4.1"
        },
        "summary": {
            "tests": 2,
            "passed": 2,
            "failed": 0,
            "skipped": 0,
            "pending": 0,
            "other": 0,
            "start": 1777132482.6665077,
            "stop": 1777132482.7899566
        },
        "tests": [
            {
                "name": "test_outputs.py::test_recovery_file_exists",
                "status": "passed",
                "duration": 0.000798246001068037,
                "start": 1777132482.787221,
                "stop": 1777132482.7884111,
                "retries": 0,
                "file_path": "test_outputs.py"
            },
            {
                "name": "test_outputs.py::test_password_match",
                "status": "passed",
                "duration": 0.0006905079990247032,
                "start": 1777132482.7887242,
                "stop": 1777132482.789679,
                "retries": 0,
                "file_path": "test_outputs.py"
            }
        ]
    }
}