{
    "results": {
        "tool": {
            "name": "pytest",
            "version": "8.4.1"
        },
        "summary": {
            "tests": 2,
            "passed": 2,
            "failed": 0,
            "skipped": 0,
            "pending": 0,
            "other": 0,
            "start": 1777131836.2729933,
            "stop": 1777131844.6061504
        },
        "tests": [
            {
                "name": "test_outputs.py::test_accuracy",
                "status": "passed",
                "duration": 5.201124622999487,
                "start": 1777131839.402582,
                "stop": 1777131844.6044018,
                "retries": 0,
                "file_path": "test_outputs.py"
            },
            {
                "name": "test_outputs.py::test_model_size",
                "status": "passed",
                "duration": 0.0006864609986223513,
                "start": 1777131844.6048338,
                "stop": 1777131844.605802,
                "retries": 0,
                "file_path": "test_outputs.py"
            }
        ]
    }
}