{
    "results": {
        "tool": {
            "name": "pytest",
            "version": "8.4.1"
        },
        "summary": {
            "tests": 2,
            "passed": 2,
            "failed": 0,
            "skipped": 0,
            "pending": 0,
            "other": 0,
            "start": 1777133563.0445273,
            "stop": 1777133955.2581065
        },
        "tests": [
            {
                "name": "test_outputs.py::test_filter_blocks_xss",
                "status": "passed",
                "duration": 376.42303543100024,
                "start": 1777133564.3131247,
                "stop": 1777133942.3989182,
                "retries": 0,
                "file_path": "test_outputs.py"
            },
            {
                "name": "test_outputs.py::test_clean_html_unchanged",
                "status": "passed",
                "duration": 12.279897670998253,
                "start": 1777133942.5185566,
                "stop": 1777133954.7995238,
                "retries": 0,
                "file_path": "test_outputs.py"
            }
        ]
    }
}