{
    "results": {
        "tool": {
            "name": "pytest",
            "version": "8.4.1"
        },
        "summary": {
            "tests": 1,
            "passed": 1,
            "failed": 0,
            "skipped": 0,
            "pending": 0,
            "other": 0,
            "start": 1777134105.6957216,
            "stop": 1777134105.7992437
        },
        "tests": [
            {
                "name": "test_outputs.py::test_primers",
                "status": "passed",
                "duration": 0.016885464001461514,
                "start": 1777134105.781584,
                "stop": 1777134105.7989357,
                "retries": 0,
                "file_path": "test_outputs.py"
            }
        ]
    }
}