{
    "results": {
        "tool": {
            "name": "pytest",
            "version": "8.4.1"
        },
        "summary": {
            "tests": 2,
            "passed": 2,
            "failed": 0,
            "skipped": 0,
            "pending": 0,
            "other": 0,
            "start": 1777134171.1525512,
            "stop": 1777134171.293629
        },
        "tests": [
            {
                "name": "test_outputs.py::test_output_file_exists",
                "status": "passed",
                "duration": 0.0006182409997563809,
                "start": 1777134171.2912664,
                "stop": 1777134171.292165,
                "retries": 0,
                "file_path": "test_outputs.py"
            },
            {
                "name": "test_outputs.py::test_output_is_correct",
                "status": "passed",
                "duration": 0.0008514970013493439,
                "start": 1777134171.2923658,
                "stop": 1777134171.2933989,
                "retries": 0,
                "file_path": "test_outputs.py"
            }
        ]
    }
}